<?xml version="1.0" encoding="utf-8"?>
<selector xmlns:android="http://schemas.android.com/apk/res/android">
    <item android:state_activated="true">
        <shape android:shape="rectangle">
            <corners
                android:radius="@dimen/_10sdp"/>
            <gradient
                android:startColor="#FFC107"
                android:endColor="#DDA600"
                android:type="linear"/>
        </shape>
    </item>
    <item android:state_activated="false">
        <shape android:shape="rectangle">
            <corners
                android:radius="@dimen/_10sdp"/>
            <solid android:color="#BFBFBF" />
        </shape>
    </item>
</selector>