<vector android:height="24dp" android:viewportHeight="80"
    android:viewportWidth="80" android:width="24dp" xmlns:android="http://schemas.android.com/apk/res/android">
    <group>
        <clip-path android:pathData="M0,0h80v80h-80z"/>
        <path android:fillColor="#646464" android:pathData="M40,40m-37,0a37,37 0,1 1,74 0a37,37 0,1 1,-74 0"/>
        <path android:fillColor="#fff"
            android:pathData="M35.532,52.661a1.843,1.843 0,0 0,1.862 -1.824L37.394,39.527a1.862,1.862 0,0 0,-3.724 0v11.309A1.843,1.843 0,0 0,35.532 52.661Z"
            android:strokeColor="#fff" android:strokeWidth="1"/>
        <path android:fillColor="#fff"
            android:pathData="M44.096,52.661a1.843,1.843 0,0 0,1.862 -1.824L45.958,39.527a1.862,1.862 0,0 0,-3.724 0v11.309A1.843,1.843 0,0 0,44.096 52.661Z"
            android:strokeColor="#fff" android:strokeWidth="1"/>
        <path android:fillColor="#fff"
            android:pathData="M58.843,57.268v-32.4L21.173,24.868v32.4a8.466,8.466 0,0 0,8.551 8.379h20.563a8.466,8.466 0,0 0,8.552 -8.378ZM55.12,57.268a4.786,4.786 0,0 1,-4.828 4.731L29.724,61.999a4.786,4.786 0,0 1,-4.828 -4.731L24.896,28.516h30.22L55.116,57.267Z"
            android:strokeColor="#fff" android:strokeWidth="1"/>
        <path android:fillColor="#fff"
            android:pathData="M22.5,20.922h35a1.825,1.825 0,1 0,0 -3.649L47.067,17.273a1.784,1.784 0,0 0,0.381 -1.094A1.844,1.844 0,0 0,45.585 14.356h-11.17a1.843,1.843 0,0 0,-1.862 1.824,1.782 1.782,0 0,0 0.381,1.094L22.5,17.274a1.825,1.825 0,1 0,0 3.649Z"
            android:strokeColor="#fff" android:strokeWidth="1"/>
    </group>
</vector>
