<?xml version="1.0" encoding="utf-8"?>
<layer-list xmlns:android="http://schemas.android.com/apk/res/android">
    <item android:id="@android:id/background">
        <shape android:shape="rectangle">
            <corners android:radius="1.0dip" />
            <gradient
                android:angle="270.0"
                android:endColor="@color/hintColor"
                android:startColor="@color/hintColor" />
        </shape>
    </item>
    <item android:id="@android:id/secondaryProgress">
        <clip>
            <shape android:shape="rectangle">
                <corners android:radius="1.0dip" />
                <gradient
                    android:angle="270.0"
                    android:endColor="@color/textColor"
                    android:startColor="@color/textColor" />
            </shape>
        </clip>
    </item>
    <item android:id="@android:id/progress">
        <clip>
            <shape android:shape="rectangle">
                <corners android:radius="1.0dip" />
                <gradient
                    android:angle="270.0"
                    android:endColor="@color/textColor"
                    android:startColor="@color/textColor" />
            </shape>
        </clip>
    </item>
</layer-list>