<?xml version="1.0" encoding="utf-8"?>

<selector xmlns:android="http://schemas.android.com/apk/res/android">
    <item android:state_enabled="true">
        <shape
            android:shape="ring" android:innerRadius="3dp" android:thickness="6dp" android:useLevel="false">
            <solid android:color="@color/app_color"/>
            <size android:width="20dp"
                android:height="20dp"/>
        </shape>
    </item>
    <item android:state_enabled="false">
        <shape
            android:shape="ring" android:innerRadius="3dp" android:thickness="6dp" android:useLevel="false">
            <solid android:color="@color/graycolor"/>
            <size android:width="20dp"
                android:height="20dp"/>
        </shape>
    </item>
</selector>