<?xml version="1.0" encoding="utf-8"?>
<layer-list xmlns:android="http://schemas.android.com/apk/res/android" >
    <item android:id="@android:id/background">
        <shape android:shape="rectangle">
            <solid android:color="#BFBFBF"/>
            <corners android:radius="@dimen/_10sdp"/>
        </shape>
    </item>
    <item android:id="@android:id/progress">
        <selector>
            <item android:state_enabled="true">
                <clip>
                    <shape android:shape="rectangle">
                        <solid android:color="@color/app_color"/>
                        <corners android:radius="@dimen/_10sdp"/>
                    </shape>
                </clip>
            </item>
            <item android:state_enabled="false">
                <clip>
                    <shape android:shape="rectangle">
                        <solid android:color="@color/app_color"/>
                        <corners android:radius="@dimen/_10sdp"/>
                    </shape>
                </clip>
            </item>
        </selector>

    </item>
</layer-list>
